"sky/Vo/Rc/m/Hlo_RcM059.mp3","?Hlo","Rc","m"
"sky/Vo/Rc/m/Hlo_RcM050.mp3","?Hlo","Rc","m"
"sky/Vo/Rc/m/Hit_RcM010.mp3","?Hit","Rc","m"
"sky/Vo/Rc/m/Hlo_RcM035.mp3","?Hlo","Rc","m"
"sky/Vo/Rc/m/Hit_RcM005.mp3","?Hit","Rc","m"
"sky/Vo/Rc/m/OP_RcM005.mp3","?OP","Rc","m"
"sky/Vo/Rc/m/Atk_RcM003.mp3","?Atk","Rc","m"
"sky/Vo/Rc/m/Hlo_RcM013.mp3","?Hlo","Rc","m"
"sky/Vo/Rc/m/Hlo_RcM010.mp3","?Hlo","Rc","m"
"sky/Vo/Rc/m/Hlo_RcM068.mp3","?Hlo","Rc","m"
"sky/Vo/Rc/m/Hlo_RcM125.mp3","?Hlo","Rc","m"
"sky/Vo/Rc/m/Hlo_RcM001.mp3","?Hlo","Rc","m"
"sky/Vo/Rc/m/Hlo_RcM110.mp3","?Hlo","Rc","m"
"sky/Vo/Rc/m/Hlo_RcM098.mp3","?Hlo","Rc","m"
"sky/Vo/Rc/m/Hlo_RcM041.mp3","?Hlo","Rc","m"
"sky/Vo/Rc/m/Fle_RcM001.mp3","?Fle","Rc","m"
"sky/Vo/Rc/m/Hlo_RcM040.mp3","?Hlo","Rc","m"
"sky/Vo/Rc/m/Hlo_RcM122.mp3","?Hlo","Rc","m"
"sky/Vo/Rc/m/Hlo_RcM063.mp3","?Hlo","Rc","m"
"sky/Vo/Rc/m/Hlo_RcM104.mp3","?Hlo","Rc","m"
"sky/Vo/Rc/m/Hlo_RcM025.mp3","?Hlo","Rc","m"
"sky/Vo/Rc/m/Fle_RcM004.mp3","?Fle","Rc","m"
"sky/Vo/Rc/m/Hlo_RcM135.mp3","?Hlo","Rc","m"
"sky/Vo/Rc/m/Atk_RcM010.mp3","?Atk","Rc","m"
"sky/Vo/Rc/m/Hlo_RcM000e.mp3","?Hlo","Rc","m"
"sky/Vo/Rc/m/Hlo_RcM064.mp3","?Hlo","Rc","m"
"sky/Vo/Rc/m/Hlo_RcM111.mp3","?Hlo","Rc","m"
"sky/Vo/Rc/m/Hlo_RcM078.mp3","?Hlo","Rc","m"
"sky/Vo/Rc/m/Hlo_RcM030.mp3","?Hlo","Rc","m"
"sky/Vo/Rc/m/Hlo_RcM096.mp3","?Hlo","Rc","m"
"sky/Vo/Rc/m/Atk_RcM014.mp3","?Atk","Rc","m"
"sky/Vo/Rc/m/Hlo_RcM056.mp3","?Hlo","Rc","m"
"sky/Vo/Rc/m/CrAtk_RcM005.mp3","?CrAtk","Rc","m"
"sky/Vo/Rc/m/Hlo_RcM089.mp3","?Hlo","Rc","m"
"sky/Vo/Rc/m/Hlo_RcM087.mp3","?Hlo","Rc","m"
"sky/Vo/Rc/m/Hlo_RcM058.mp3","?Hlo","Rc","m"
"sky/Vo/Rc/m/Hlo_RcM113.mp3","?Hlo","Rc","m"
"sky/Vo/Rc/m/Hlo_RcM086.mp3","?Hlo","Rc","m"
"sky/Vo/Rc/m/Hlo_RcM093.mp3","?Hlo","Rc","m"
"sky/Vo/Rc/m/Hlo_RcM126.mp3","?Hlo","Rc","m"
"sky/Vo/Rc/m/Hlo_RcM100.mp3","?Hlo","Rc","m"
"sky/Vo/Rc/m/Hlo_RcM022.mp3","?Hlo","Rc","m"
"sky/Vo/Rc/m/Flw_RcM005.mp3","?Flw","Rc","m"
"sky/Vo/Rc/m/Srv_RcM010.mp3","?Srv","Rc","m"
"sky/Vo/Rc/m/Idl_RcM008.mp3","?Idl","Rc","m"
"sky/Vo/Rc/m/Hlo_RcM074.mp3","?Hlo","Rc","m"
"sky/Vo/Rc/m/Hlo_RcM124.mp3","?Hlo","Rc","m"
"sky/Vo/Rc/m/Flw_RcM004.mp3","?Flw","Rc","m"
"sky/Vo/Rc/m/Hlo_RcM118.mp3","?Hlo","Rc","m"
"sky/Vo/Rc/m/Hlo_RcM067.mp3","?Hlo","Rc","m"
"sky/Vo/Rc/m/Hlo_RcM106.mp3","?Hlo","Rc","m"
"sky/Vo/Rc/m/OP_RcM002.mp3","?OP","Rc","m"
"sky/Vo/Rc/m/Hlo_RcM023.mp3","?Hlo","Rc","m"
"sky/Vo/Rc/m/Hit_RcM003.mp3","?Hit","Rc","m"
"sky/Vo/Rc/m/Srv_RcM011.mp3","?Srv","Rc","m"
"sky/Vo/Rc/m/Hlo_RcM128.mp3","?Hlo","Rc","m"
"sky/Vo/Rc/m/Hit_RcM004.mp3","?Hit","Rc","m"
"sky/Vo/Rc/m/Hlo_RcM052.mp3","?Hlo","Rc","m"
"sky/Vo/Rc/m/Hlo_RcM105.mp3","?Hlo","Rc","m"
"sky/Vo/Rc/m/Hlo_RcM114.mp3","?Hlo","Rc","m"
"sky/Vo/Rc/m/Hlo_RcM003.mp3","?Hlo","Rc","m"
"sky/Vo/Rc/m/Hlo_RcM008.mp3","?Hlo","Rc","m"
"sky/Vo/Rc/m/Hlo_RcM117.mp3","?Hlo","Rc","m"
"sky/Vo/Rc/m/Hlo_RcM002.mp3","?Hlo","Rc","m"
"sky/Vo/Rc/m/Srv_RcM005.mp3","?Srv","Rc","m"
"sky/Vo/Rc/m/Hlo_RcM134.mp3","?Hlo","Rc","m"
"sky/Vo/Rc/m/Hlo_RcM020.mp3","?Hlo","Rc","m"
"sky/Vo/Rc/m/Idl_RcM003.mp3","?Idl","Rc","m"
"sky/Vo/Rc/m/Hlo_RcM119.mp3","?Hlo","Rc","m"
"sky/Vo/Rc/m/Hlo_RcM115.mp3","?Hlo","Rc","m"
"sky/Vo/Rc/m/Thf_RcM002.mp3","?Thf","Rc","m"
"sky/Vo/Rc/m/Hlo_RcM101.mp3","?Hlo","Rc","m"
"sky/Vo/Rc/m/Srv_RcM004.mp3","?Srv","Rc","m"
"sky/Vo/Rc/m/Hlo_RcM048.mp3","?Hlo","Rc","m"
"sky/Vo/Rc/m/Hlo_RcM075.mp3","?Hlo","Rc","m"
"sky/Vo/Rc/m/Hlo_RcM129.mp3","?Hlo","Rc","m"
"sky/Vo/Rc/m/Hlo_RcM028.mp3","?Hlo","Rc","m"
"sky/Vo/Rc/m/Atk_RcM004.mp3","?Atk","Rc","m"
"sky/Vo/Rc/m/Hlo_RcM103.mp3","?Hlo","Rc","m"
"sky/Vo/Rc/m/OP_RcM006.mp3","?OP","Rc","m"
"sky/Vo/Rc/m/Hlo_RcM079.mp3","?Hlo","Rc","m"
"sky/Vo/Rc/m/Hit_RcM008.mp3","?Hit","Rc","m"
"sky/Vo/Rc/m/Hlo_RcM037.mp3","?Hlo","Rc","m"
"sky/Vo/Rc/m/Hlo_RcM137.mp3","?Hlo","Rc","m"
"sky/Vo/Rc/m/Atk_RcM005.mp3","?Atk","Rc","m"
"sky/Vo/Rc/m/Hlo_RcM091.mp3","?Hlo","Rc","m"
"sky/Vo/Rc/m/Hlo_RcM006.mp3","?Hlo","Rc","m"
"sky/Vo/Rc/m/Hlo_RcM062.mp3","?Hlo","Rc","m"
"sky/Vo/Rc/m/Hlo_RcM053.mp3","?Hlo","Rc","m"
"sky/Vo/Rc/m/Atk_RcM006.mp3","?Atk","Rc","m"
"sky/Vo/Rc/m/Hlo_RcM071.mp3","?Hlo","Rc","m"
"sky/Vo/Rc/m/Idl_RcM001.mp3","?Idl","Rc","m"
"sky/Vo/Rc/m/Srv_RcM007.mp3","?Srv","Rc","m"
"sky/Vo/Rc/m/Hlo_RcM005.mp3","?Hlo","Rc","m"
"sky/Vo/Rc/m/Hlo_RcM027.mp3","?Hlo","Rc","m"
"sky/Vo/Rc/m/Srv_RcM008.mp3","?Srv","Rc","m"
"sky/Vo/Rc/m/Hlo_RcM061.mp3","?Hlo","Rc","m"
"sky/Vo/Rc/m/Hit_RcM001.mp3","?Hit","Rc","m"
"sky/Vo/Rc/m/Hit_RcM007.mp3","?Hit","Rc","m"
"sky/Vo/Rc/m/OP_RcM004.mp3","?OP","Rc","m"
"sky/Vo/Rc/m/Hlo_RcM054.mp3","?Hlo","Rc","m"
"sky/Vo/Rc/m/Fle_RcM005.mp3","?Fle","Rc","m"
"sky/Vo/Rc/m/Srv_RcM002.mp3","?Srv","Rc","m"
"sky/Vo/Rc/m/Srv_RcM003.mp3","?Srv","Rc","m"
"sky/Vo/Rc/m/Hit_RcM011.mp3","?Hit","Rc","m"
"sky/Vo/Rc/m/Fle_RcM003.mp3","?Fle","Rc","m"
"sky/Vo/Rc/m/Hlo_RcM092.mp3","?Hlo","Rc","m"
"sky/Vo/Rc/m/Hlo_RcM038.mp3","?Hlo","Rc","m"
"sky/Vo/Rc/m/Fle_RcM002.mp3","?Fle","Rc","m"
"sky/Vo/Rc/m/OP_RcM003.mp3","?OP","Rc","m"
"sky/Vo/Rc/m/Hlo_RcM132.mp3","?Hlo","Rc","m"
"sky/Vo/Rc/m/Hlo_RcM026.mp3","?Hlo","Rc","m"
"sky/Vo/Rc/m/CrAtk_RcM004.mp3","?CrAtk","Rc","m"
"sky/Vo/Rc/m/OP_RcM007.mp3","?OP","Rc","m"
"sky/Vo/Rc/m/Hlo_RcM123.mp3","?Hlo","Rc","m"
"sky/Vo/Rc/m/Idl_RcM005.mp3","?Idl","Rc","m"
"sky/Vo/Rc/m/Idl_RcM002.mp3","?Idl","Rc","m"
"sky/Vo/Rc/m/Hlo_RcM004.mp3","?Hlo","Rc","m"
"sky/Vo/Rc/m/Hlo_RcM057.mp3","?Hlo","Rc","m"
"sky/Vo/Rc/m/Hlo_RcM107.mp3","?Hlo","Rc","m"
"sky/Vo/Rc/m/CrAtk_RcM003.mp3","?CrAtk","Rc","m"
"sky/Vo/Rc/m/Atk_RcM002.mp3","?Atk","Rc","m"
"sky/Vo/Rc/m/Thf_RcM003.mp3","?Thf","Rc","m"
"sky/Vo/Rc/m/Hlo_RcM130.mp3","?Hlo","Rc","m"
"sky/Vo/Rc/m/Hlo_RcM029.mp3","?Hlo","Rc","m"
"sky/Vo/Rc/m/Flw_RcM006.mp3","?Flw","Rc","m"
"sky/Vo/Rc/m/Hlo_RcM094.mp3","?Hlo","Rc","m"
"sky/Vo/Rc/m/Atk_RcM001.mp3","?Atk","Rc","m"
"sky/Vo/Rc/m/Flw_RcM001.mp3","?Flw","Rc","m"
"sky/Vo/Rc/m/Hlo_RcM033.mp3","?Hlo","Rc","m"
"sky/Vo/Rc/m/Hit_RcM014.mp3","?Hit","Rc","m"
"sky/Vo/Rc/m/Hlo_RcM012.mp3","?Hlo","Rc","m"
"sky/Vo/Rc/m/Hlo_RcM036.mp3","?Hlo","Rc","m"
"sky/Vo/Rc/m/Hit_RcM012.mp3","?Hit","Rc","m"
"sky/Vo/Rc/m/Hlo_RcM000c.mp3","?Hlo","Rc","m"
"sky/Vo/Rc/m/OP_RcM008.mp3","?OP","Rc","m"
"sky/Vo/Rc/m/Hlo_RcM042.mp3","?Hlo","Rc","m"
"sky/Vo/Rc/m/Hit_RcM006.mp3","?Hit","Rc","m"
"sky/Vo/Rc/m/Hlo_RcM095.mp3","?Hlo","Rc","m"
"sky/Vo/Rc/m/Hlo_RcM097.mp3","?Hlo","Rc","m"
"sky/Vo/Rc/m/Hlo_RcM081.mp3","?Hlo","Rc","m"
"sky/Vo/Rc/m/CrAtk_RcM001.mp3","?CrAtk","Rc","m"
"sky/Vo/Rc/m/Hit_RcM013.mp3","?Hit","Rc","m"
"sky/Vo/Rc/m/Thf_RcM004.mp3","?Thf","Rc","m"
"sky/Vo/Rc/m/Hlo_RcM131.mp3","?Hlo","Rc","m"
"sky/Vo/Rc/m/OP_RcM001.mp3","?OP","Rc","m"
"sky/Vo/Rc/m/Srv_RcM001.mp3","?Srv","Rc","m"
"sky/Vo/Rc/m/Hlo_RcM066.mp3","?Hlo","Rc","m"
"sky/Vo/Rc/m/Hlo_RcM112.mp3","?Hlo","Rc","m"
"sky/Vo/Rc/m/Flw_RcM003.mp3","?Flw","Rc","m"
"sky/Vo/Rc/m/Hlo_RcM127.mp3","?Hlo","Rc","m"
"sky/Vo/Rc/m/Hlo_RcM090.mp3","?Hlo","Rc","m"
"sky/Vo/Rc/m/Hlo_RcM109.mp3","?Hlo","Rc","m"
"sky/Vo/Rc/m/Flw_RcM002.mp3","?Flw","Rc","m"
"sky/Vo/Rc/m/Hlo_RcM055.mp3","?Hlo","Rc","m"
"sky/Vo/Rc/m/Hlo_RcM049.mp3","?Hlo","Rc","m"
"sky/Vo/Rc/m/Hlo_RcM034.mp3","?Hlo","Rc","m"
"sky/Vo/Rc/m/Hlo_RcM011.mp3","?Hlo","Rc","m"
"sky/Vo/Rc/m/Hlo_RcM099.mp3","?Hlo","Rc","m"
"sky/Vo/Rc/m/Hlo_RcM077.mp3","?Hlo","Rc","m"
"sky/Vo/Rc/m/Hlo_RcM121.mp3","?Hlo","Rc","m"
"sky/Vo/Rc/m/Hit_RcM015.mp3","?Hit","Rc","m"
"sky/Vo/Rc/m/Atk_RcM011.mp3","?Atk","Rc","m"
"sky/Vo/Rc/m/Thf_RcM001.mp3","?Thf","Rc","m"
"sky/Vo/Rc/m/Hlo_RcM000d.mp3","?Hlo","Rc","m"
"sky/Vo/Rc/m/Hlo_RcM072.mp3","?Hlo","Rc","m"
"sky/Vo/Rc/m/Hlo_RcM007.mp3","?Hlo","Rc","m"
"sky/Vo/Rc/m/Hlo_RcM120.mp3","?Hlo","Rc","m"
"sky/Vo/Rc/m/Hlo_RcM000b.mp3","?Hlo","Rc","m"
"sky/Vo/Rc/m/Srv_RcM006.mp3","?Srv","Rc","m"
"sky/Vo/Rc/m/Srv_RcM012.mp3","?Srv","Rc","m"
"sky/Vo/Rc/m/Srv_RcM009.mp3","?Srv","Rc","m"
"sky/Vo/Rc/m/Hlo_RcM108.mp3","?Hlo","Rc","m"
"sky/Vo/Rc/m/Hlo_RcM088.mp3","?Hlo","Rc","m"
"sky/Vo/Rc/m/Hit_RcM002.mp3","?Hit","Rc","m"
"sky/Vo/Rc/m/Hlo_RcM021.mp3","?Hlo","Rc","m"
"sky/Vo/Rc/m/Hlo_RcM102.mp3","?Hlo","Rc","m"
"sky/Vo/Rc/m/Idl_RcM009.mp3","?Idl","Rc","m"
"sky/Vo/Rc/m/Hlo_RcM060.mp3","?Hlo","Rc","m"
"sky/Vo/Rc/m/Hlo_RcM116.mp3","?Hlo","Rc","m"
"sky/Vo/Rc/m/Hlo_RcM009.mp3","?Hlo","Rc","m"
"sky/Vo/Rc/m/Hlo_RcM039.mp3","?Hlo","Rc","m"
"sky/Vo/Rc/m/Hlo_RcM070.mp3","?Hlo","Rc","m"
"sky/Vo/Rc/m/Hlo_RcM076.mp3","?Hlo","Rc","m"
"sky/Vo/Rc/m/Hlo_RcM065.mp3","?Hlo","Rc","m"
"sky/Vo/Rc/m/Hlo_RcM024.mp3","?Hlo","Rc","m"
"sky/Vo/Rc/m/Idl_RcM004.mp3","?Idl","Rc","m"
"sky/Vo/Rc/m/Hlo_RcM133.mp3","?Hlo","Rc","m"
"sky/Vo/Rc/m/Hlo_RcM032.mp3","?Hlo","Rc","m"
"sky/Vo/Rc/m/Hlo_RcM138.mp3","?Hlo","Rc","m"
"Va/Vo/img/m/Hlo_020e.mp3","?Hlo","img","m"
"Va/Vo/img/m/Hlo_051a.mp3","?Hlo","img","m"
"Va/Vo/img/m/Srv_002.mp3","?Srv","img","m"
"Va/Vo/img/m/Idl_010.mp3","?Idl","img","m"
"Va/Vo/img/m/Hlo_094.mp3","?Hlo","img","m"
"Va/Vo/img/m/Grd_003.mp3","?Grd","img","m"
"Va/Vo/img/m/Hlo_007.mp3","?Hlo","img","m"
"Va/Vo/img/m/Hlo_093b.mp3","?Hlo","img","m"
"Va/Vo/img/m/vAtt_003.mp3","?vAtt","img","m"
"Va/Vo/img/m/Srv_017.mp3","?Srv","img","m"
"Va/Vo/img/m/Dis_004.mp3","?Dis","img","m"
"Va/Vo/img/m/Hlo_009b.mp3","?Hlo","img","m"
"Va/Vo/img/m/Slv_008.mp3","?Slv","img","m"
"Va/Vo/img/m/Hlo_020a.mp3","?Hlo","img","m"
"Va/Vo/img/m/Slv_002.mp3","?Slv","img","m"
"Va/Vo/img/m/Nde_005c.mp3","?Nde","img","m"
"Va/Vo/img/m/Rep_002.mp3","?Rep","img","m"
"Va/Vo/img/m/Wnd_003.mp3","?Wnd","img","m"
"Va/Vo/img/m/Idl_003.mp3","?Idl","img","m"
"Va/Vo/img/m/Vmp_004.mp3","?Vmp","img","m"
"Va/Vo/img/m/Srv_014.mp3","?Srv","img","m"
"Va/Vo/img/m/Nde_004.mp3","?Nde","img","m"
"Va/Vo/img/m/Hlo_050g.mp3","?Hlo","img","m"
"Va/Vo/img/m/Hlo_058.mp3","?Hlo","img","m"
"Va/Vo/img/m/Hlo_060.mp3","?Hlo","img","m"
"Va/Vo/img/m/Hlo_011.mp3","?Hlo","img","m"
"Va/Vo/img/m/Hlo_001.mp3","?Hlo","img","m"
"Va/Vo/img/m/Hit_001F.mp3","?Hit","img","m"
"Va/Vo/img/m/Hlo_056.mp3","?Hlo","img","m"
"Va/Vo/img/m/Hlo_050a.mp3","?Hlo","img","m"
"Va/Vo/img/m/vHit_002.mp3","?vHit","img","m"
"Va/Vo/img/m/vAtt_004.mp3","?vAtt","img","m"
"Va/Vo/img/m/Fac_002.mp3","?Fac","img","m"
"Va/Vo/img/m/Rep_001.mp3","?Rep","img","m"
"Va/Vo/img/m/Hit_009.mp3","?Hit","img","m"
"Va/Vo/img/m/Crm_001.mp3","?Crm","img","m"
"Va/Vo/img/m/Srv_006b.mp3","?Srv","img","m"
"Va/Vo/img/m/Att_009a.mp3","?Att","img","m"
"Va/Vo/img/m/Hlo_003.mp3","?Hlo","img","m"
"Va/Vo/img/m/Hlo_040.mp3","?Hlo","img","m"
"Va/Vo/img/m/Srv_011.mp3","?Srv","img","m"
"Va/Vo/img/m/Hlo_050d.mp3","?Hlo","img","m"
"Va/Vo/img/m/Hlo_061.mp3","?Hlo","img","m"
"Va/Vo/img/m/Hit_007.mp3","?Hit","img","m"
"Va/Vo/img/m/Hlo_005.mp3","?Hlo","img","m"
"Va/Vo/img/m/vAtt_002.mp3","?vAtt","img","m"
"Va/Vo/img/m/Hlo_013.mp3","?Hlo","img","m"
"Va/Vo/img/m/Hlo_050f.mp3","?Hlo","img","m"
"Va/Vo/img/m/Hlo_020b.mp3","?Hlo","img","m"
"Va/Vo/img/m/Att_002.mp3","?Att","img","m"
"Va/Vo/img/m/Hlo_080.mp3","?Hlo","img","m"
"Va/Vo/img/m/Hlo_022.mp3","?Hlo","img","m"
"Va/Vo/img/m/Hlo_053.mp3","?Hlo","img","m"
"Va/Vo/img/m/Thf_003.mp3","?Thf","img","m"
"Va/Vo/img/m/Thf_002.mp3","?Thf","img","m"
"Va/Vo/img/m/Hit_008.mp3","?Hit","img","m"
"Va/Vo/img/m/Hlo_006.mp3","?Hlo","img","m"
"Va/Vo/img/m/Thf_001.mp3","?Thf","img","m"
"Va/Vo/img/m/Slv_004.mp3","?Slv","img","m"
"Va/Vo/img/m/Slv_005.mp3","?Slv","img","m"
"Va/Vo/img/m/Srv_016.mp3","?Srv","img","m"
"Va/Vo/img/m/Srv_007.mp3","?Srv","img","m"
"Va/Vo/img/m/Hlo_016.mp3","?Hlo","img","m"
"Va/Vo/img/m/Slv_001.mp3","?Slv","img","m"
"Va/Vo/img/m/Slv_003.mp3","?Slv","img","m"
"Va/Vo/img/m/Fle_004.mp3","?Fle","img","m"
"Va/Vo/img/m/Hlo_084.mp3","?Hlo","img","m"
"Va/Vo/img/m/Att_006.mp3","?Att","img","m"
"Va/Vo/img/m/Hlo_091.mp3","?Hlo","img","m"
"Va/Vo/img/m/Hlo_023.mp3","?Hlo","img","m"
"Va/Vo/img/m/Att_010.mp3","?Att","img","m"
"Va/Vo/img/m/Hlo_018.mp3","?Hlo","img","m"
"Va/Vo/img/m/Hlo_062.mp3","?Hlo","img","m"
"Va/Vo/img/m/Crm_004.mp3","?Crm","img","m"
"Va/Vo/img/m/Grd_001.mp3","?Grd","img","m"
"Va/Vo/img/m/Dis_001.mp3","?Dis","img","m"
"Va/Vo/img/m/Crm_002.mp3","?Crm","img","m"
"Va/Vo/img/m/Srv_007b.mp3","?Srv","img","m"
"Va/Vo/img/m/Hlo_093.mp3","?Hlo","img","m"
"Va/Vo/img/m/Hlo_008.mp3","?Hlo","img","m"
"Va/Vo/img/m/Srv_009b.mp3","?Srv","img","m"
"Va/Vo/img/m/Nde_005b.mp3","?Nde","img","m"
"Va/Vo/img/m/Crm_003.mp3","?Crm","img","m"
"Va/Vo/img/m/Hlo_024.mp3","?Hlo","img","m"
"Va/Vo/img/m/Nde_003.mp3","?Nde","img","m"
"Va/Vo/img/m/Slv_009.mp3","?Slv","img","m"
"Va/Vo/img/m/Att_007.mp3","?Att","img","m"
"Va/Vo/img/m/Hlo_015.mp3","?Hlo","img","m"
"Va/Vo/img/m/Hit_006.mp3","?Hit","img","m"
"Va/Vo/img/m/Hlo_019.mp3","?Hlo","img","m"
"Va/Vo/img/m/Idl_002.mp3","?Idl","img","m"
"Va/Vo/img/m/Hlo_064.mp3","?Hlo","img","m"
"Va/Vo/img/m/Clo_001b.mp3","?Clo","img","m"
"Va/Vo/img/m/Crm_007.mp3","?Crm","img","m"
"Va/Vo/img/m/Att_008.mp3","?Att","img","m"
"Va/Vo/img/m/Hlo_050b.mp3","?Hlo","img","m"
"Va/Vo/img/m/Fle_001.mp3","?Fle","img","m"
"Va/Vo/img/m/Hlo_021.mp3","?Hlo","img","m"
"Va/Vo/img/m/Slv_006.mp3","?Slv","img","m"
"Va/Vo/img/m/Hlo_041.mp3","?Hlo","img","m"
"Va/Vo/img/m/Dis_003.mp3","?Dis","img","m"
"Va/Vo/img/m/Hlo_010.mp3","?Hlo","img","m"
"Va/Vo/img/m/Nde_005a.mp3","?Nde","img","m"
"Va/Vo/img/m/Hlo_082.mp3","?Hlo","img","m"
"Va/Vo/img/m/Hlo_043.mp3","?Hlo","img","m"
"Va/Vo/img/m/Slv_007.mp3","?Slv","img","m"
"Va/Vo/img/m/Hlo_074.mp3","?Hlo","img","m"
"Va/Vo/img/m/Srv_008.mp3","?Srv","img","m"
"Va/Vo/img/m/Att_001.mp3","?Att","img","m"
"Va/Vo/img/m/Hlo_070.mp3","?Hlo","img","m"
"Va/Vo/img/m/Hlo_092.mp3","?Hlo","img","m"
"Va/Vo/img/m/Hit_010.mp3","?Hit","img","m"
"Va/Vo/img/m/Hlo_050c.mp3","?Hlo","img","m"
"Va/Vo/img/m/Dis_002.mp3","?Dis","img","m"
"Va/Vo/img/m/Att_004.mp3","?Att","img","m"
"Va/Vo/img/m/Hit_001.mp3","?Hit","img","m"
"Va/Vo/img/m/Hlo_063.mp3","?Hlo","img","m"
"Va/Vo/img/m/Hlo_090.mp3","?Hlo","img","m"
"Va/Vo/img/m/Hlo_000.mp3","?Hlo","img","m"
"Va/Vo/img/m/Hlo_081.mp3","?Hlo","img","m"
"Va/Vo/img/m/Hlo_020f.mp3","?Hlo","img","m"
"Va/Vo/img/m/Idl_004.mp3","?Idl","img","m"
"Va/Vo/img/m/Grd_002.mp3","?Grd","img","m"
"Va/Vo/img/m/Srv_001.mp3","?Srv","img","m"
"Va/Vo/img/m/Att_013.mp3","?Att","img","m"
"Va/Vo/img/m/Srv_008a.mp3","?Srv","img","m"
"Va/Vo/img/m/Vmp_002.mp3","?Vmp","img","m"
"Va/Vo/img/m/Srv_001b.mp3","?Srv","img","m"
"Va/Vo/img/m/Hlo_051.mp3","?Hlo","img","m"
"Va/Vo/img/m/Idl_006.mp3","?Idl","img","m"
"Va/Vo/img/m/Srv_008b.mp3","?Srv","img","m"
"Va/Vo/img/m/Srv_018.mp3","?Srv","img","m"
"Va/Vo/img/m/Idl_008.mp3","?Idl","img","m"
"Va/Vo/img/m/Hlo_083.mp3","?Hlo","img","m"
"Va/Vo/img/m/Slv_010.mp3","?Slv","img","m"
"Va/Vo/img/m/Srv_002a.mp3","?Srv","img","m"
"Va/Vo/img/m/Srv_003.mp3","?Srv","img","m"
"Va/Vo/img/m/Wnd_004.mp3","?Wnd","img","m"
"Va/Vo/img/m/Crm_006.mp3","?Crm","img","m"
"Va/Vo/img/m/Thf_004.mp3","?Thf","img","m"
"Va/Vo/img/m/Hlo_004.mp3","?Hlo","img","m"
"Va/Vo/img/m/vAtt_005.mp3","?vAtt","img","m"
"Va/Vo/img/m/Hlo_009.mp3","?Hlo","img","m"
"Va/Vo/img/m/Leg_001.mp3","?Leg","img","m"
"Va/Vo/img/m/Hlo_072.mp3","?Hlo","img","m"
"Va/Vo/img/m/Vmp_001.mp3","?Vmp","img","m"
"Va/Vo/img/m/Clo_001a.mp3","?Clo","img","m"
"Va/Vo/img/m/Hlo_042.mp3","?Hlo","img","m"
"Va/Vo/img/m/Att_011.mp3","?Att","img","m"
"Va/Vo/img/m/Hlo_020g.mp3","?Hlo","img","m"
"Va/Vo/img/m/Vmp_003.mp3","?Vmp","img","m"
"Va/Vo/img/m/Nde_005.mp3","?Nde","img","m"
"Va/Vo/img/m/Att_012.mp3","?Att","img","m"
"Va/Vo/img/m/Hlo_020c.mp3","?Hlo","img","m"
"Va/Vo/img/m/Att_005.mp3","?Att","img","m"
"Va/Vo/img/m/Hlo_020h.mp3","?Hlo","img","m"
"Va/Vo/img/m/Hlo_050e.mp3","?Hlo","img","m"
"Va/Vo/img/m/vHit_001.mp3","?vHit","img","m"
"Va/Vo/img/m/Srv_012.mp3","?Srv","img","m"
"Va/Vo/img/m/Hlo_057.mp3","?Hlo","img","m"
"Va/Vo/img/m/Hlo_050h.mp3","?Hlo","img","m"
"Va/Vo/img/m/Srv_006.mp3","?Srv","img","m"
"Va/Vo/img/m/Idl_001.mp3","?Idl","img","m"
"Va/Vo/img/m/Fle_003.mp3","?Fle","img","m"
"Va/Vo/img/m/Hlo_073.mp3","?Hlo","img","m"
"Va/Vo/img/m/Hlo_002.mp3","?Hlo","img","m"
"Va/Vo/img/m/Srv_013.mp3","?Srv","img","m"
"Va/Vo/img/m/Srv_015.mp3","?Srv","img","m"
"Va/Vo/img/m/Hit_005.mp3","?Hit","img","m"
"Va/Vo/img/m/Srv_005.mp3","?Srv","img","m"
"Va/Vo/img/m/Att_009.mp3","?Att","img","m"
"Va/Vo/img/m/Nde_002.mp3","?Nde","img","m"
"Va/Vo/img/m/Hit_002.mp3","?Hit","img","m"
"Va/Vo/img/m/Hlo_012.mp3","?Hlo","img","m"
"Va/Vo/img/m/Wnd_001.mp3","?Wnd","img","m"
"Va/Vo/img/m/Anv_001.mp3","?Anv","img","m"
"Va/Vo/img/m/vAtt_001.mp3","?vAtt","img","m"
"Va/Vo/img/m/Hit_004.mp3","?Hit","img","m"
"Va/Vo/img/m/Idl_009.mp3","?Idl","img","m"
"Va/Vo/img/m/Hlo_054.mp3","?Hlo","img","m"
"Va/Vo/img/m/Rep_003.mp3","?Rep","img","m"
"Va/Vo/img/m/Hlo_071.mp3","?Hlo","img","m"
"Va/Vo/img/m/Srv_010.mp3","?Srv","img","m"
"Va/Vo/img/m/Wnd_002.mp3","?Wnd","img","m"
"Va/Vo/img/m/Hlo_017.mp3","?Hlo","img","m"
"Va/Vo/img/m/Fac_001.mp3","?Fac","img","m"
"Va/Vo/img/m/Hlo_052.mp3","?Hlo","img","m"
"Va/Vo/img/m/Hit_003.mp3","?Hit","img","m"
"Va/Vo/img/m/Att_003.mp3","?Att","img","m"
"Va/Vo/img/m/Crm_005.mp3","?Crm","img","m"
"Va/Vo/img/m/Idl_005.mp3","?Idl","img","m"
"Va/Vo/img/m/Att_014.mp3","?Att","img","m"
"Va/Vo/img/m/Clo_003.mp3","?Clo","img","m"
"Va/Vo/img/m/Hlo_020d.mp3","?Hlo","img","m"
"Va/Vo/img/m/Srv_009.mp3","?Srv","img","m"
"Va/Vo/img/m/Hlo_025.mp3","?Hlo","img","m"
"Va/Vo/img/m/Hlo_055.mp3","?Hlo","img","m"
"Va/Vo/img/m/Srv_004.mp3","?Srv","img","m"
"Va/Vo/img/m/Nde_001.mp3","?Nde","img","m"
"Va/Vo/img/m/Fle_005.mp3","?Fle","img","m"
"Va/Vo/img/m/Clo_002.mp3","?Clo","img","m"
"Va/Vo/img/m/Idl_007.mp3","?Idl","img","m"
"Va/Vo/img/m/Fle_002.mp3","?Fle","img","m"
"Va/Vo/img/m/Hlo_014.mp3","?Hlo","img","m"
"Va/Vo/img/m/Srv_005b.mp3","?Srv","img","m"
"Va/Vo/img/m/Fac_003.mp3","?Fac","img","m"
"Vo/nec_ord/OrdsChide11.mp3","?OrdsChide11","Vo","nec_ord"
"Vo/nec_ord/OrdDis702.mp3","?OrdDis702","Vo","nec_ord"
"Vo/nec_ord/OrdDis701.mp3","?OrdDis701","Vo","nec_ord"
"Vo/nec_ord/OrdIdl1.mp3","?OrdIdl1","Vo","nec_ord"
"Vo/nec_ord/OrdIdl2.mp3","?OrdIdl2","Vo","nec_ord"
"Vo/nec_ord/OrdIdl5.mp3","?OrdIdl5","Vo","nec_ord"
"Vo/nec_ord/OrdsChide4.mp3","?OrdsChide4","Vo","nec_ord"
"Vo/nec_ord/OrdDis106.mp3","?OrdDis106","Vo","nec_ord"
"Vo/nec_ord/OrdAtk3.mp3","?OrdAtk3","Vo","nec_ord"
"Vo/nec_ord/OrdDis403.mp3","?OrdDis403","Vo","nec_ord"
"Vo/nec_ord/OrdAlmsivi.mp3","?OrdAlmsivi","Vo","nec_ord"
"Vo/nec_ord/OrdDis704.mp3","?OrdDis704","Vo","nec_ord"
"Vo/nec_ord/OrdDis706.mp3","?OrdDis706","Vo","nec_ord"
"Vo/nec_ord/OrdDis101.mp3","?OrdDis101","Vo","nec_ord"
"Vo/nec_ord/OrdAlrt1.mp3","?OrdAlrt1","Vo","nec_ord"
"Vo/nec_ord/OrdDis01.mp3","?OrdDis01","Vo","nec_ord"
"Vo/nec_ord/OrdDis406.mp3","?OrdDis406","Vo","nec_ord"
"Vo/nec_ord/OrdsChide7.mp3","?OrdsChide7","Vo","nec_ord"
"Vo/nec_ord/OrdsChide5.mp3","?OrdsChide5","Vo","nec_ord"
"Vo/nec_ord/OrdDis703.mp3","?OrdDis703","Vo","nec_ord"
"Vo/nec_ord/OrdAlrt2.mp3","?OrdAlrt2","Vo","nec_ord"
"Vo/nec_ord/OrdDis103.mp3","?OrdDis103","Vo","nec_ord"
"Vo/nec_ord/OrdDis105.mp3","?OrdDis105","Vo","nec_ord"
"Vo/nec_ord/Ord special.mp3","?Ord special","Vo","nec_ord"
"Vo/nec_ord/OrdsChide8.mp3","?OrdsChide8","Vo","nec_ord"
"Vo/nec_ord/OrdAtk5.mp3","?OrdAtk5","Vo","nec_ord"
"Vo/nec_ord/OrdDis405.mp3","?OrdDis405","Vo","nec_ord"
"Vo/nec_ord/OrdDis402.mp3","?OrdDis402","Vo","nec_ord"
"Vo/nec_ord/OrdIdl3.mp3","?OrdIdl3","Vo","nec_ord"
"Vo/nec_ord/OrdGby.mp3","?OrdGby","Vo","nec_ord"
"Vo/nec_ord/OrdsChide1.mp3","?OrdsChide1","Vo","nec_ord"
"Vo/nec_ord/OrdDis404.mp3","?OrdDis404","Vo","nec_ord"
"Vo/nec_ord/OrdDis104.mp3","?OrdDis104","Vo","nec_ord"
"Vo/nec_ord/OrdAtk4.mp3","?OrdAtk4","Vo","nec_ord"
"Vo/nec_ord/OrdDis401.mp3","?OrdDis401","Vo","nec_ord"
"Vo/nec_ord/OrdAtk1.mp3","?OrdAtk1","Vo","nec_ord"
"Vo/nec_ord/OrdDis705.mp3","?OrdDis705","Vo","nec_ord"
"Vo/nec_ord/OrdDis102.mp3","?OrdDis102","Vo","nec_ord"
"Vo/nec_ord/OrdsChide9.mp3","?OrdsChide9","Vo","nec_ord"
"Vo/nec_ord/OrdsChide3.mp3","?OrdsChide3","Vo","nec_ord"
"Vo/nec_ord/OrdsChide2.mp3","?OrdsChide2","Vo","nec_ord"
"Vo/nec_ord/OrdIdl4.mp3","?OrdIdl4","Vo","nec_ord"
"Vo/nec_ord/OrdAtk2.mp3","?OrdAtk2","Vo","nec_ord"
"Vo/nec_ord/OrdsChide6.mp3","?OrdsChide6","Vo","nec_ord"
"Vo/nec_ord/OrdsChide10.mp3","?OrdsChide10","Vo","nec_ord"
"Vo/Ay/f/Idl_AyF002.mp3","?Idl","Ay","f"
"Vo/Ay/f/Hlo_AyF079.mp3","?Hlo","Ay","f"
"Vo/Ay/f/Hlo_AyF080.mp3","?Hlo","Ay","f"
"Vo/Ay/f/Idl_AyF003.mp3","?Idl","Ay","f"
"Vo/Ay/f/Hlo_AyF026.mp3","?Hlo","Ay","f"
"Vo/Ay/f/Hlo_AyF086.mp3","?Hlo","Ay","f"
"Vo/Ay/f/Hlo_AyF121.mp3","?Hlo","Ay","f"
"Vo/Ay/f/Idl_AyF004.mp3","?Idl","Ay","f"
"Vo/Ay/f/Idl_AyF009.mp3","?Idl","Ay","f"
"Vo/Ay/f/Hlo_AyF051.mp3","?Hlo","Ay","f"
"Vo/Ay/f/Hlo_AyF035.mp3","?Hlo","Ay","f"
"Vo/Ay/f/Hit_AyF010.mp3","?Hit","Ay","f"
"Vo/Ay/f/Hlo_AyF053.mp3","?Hlo","Ay","f"
"Vo/Ay/f/Hlo_AyF092.mp3","?Hlo","Ay","f"
"Vo/Ay/f/Hlo_AyF117.mp3","?Hlo","Ay","f"
"Vo/Ay/f/Hit_AyF015.mp3","?Hit","Ay","f"
"Vo/Ay/f/Hlo_AyF097.mp3","?Hlo","Ay","f"
"Vo/Ay/f/Hlo_AyF104.mp3","?Hlo","Ay","f"
"Vo/Ay/f/Atk_AyF014.mp3","?Atk","Ay","f"
"Vo/Ay/f/Hlo_AyF009.mp3","?Hlo","Ay","f"
"Vo/Ay/f/Fle_AyF005.mp3","?Fle","Ay","f"
"Vo/Ay/f/Hlo_AyF106.mp3","?Hlo","Ay","f"
"Vo/Ay/f/Hlo_AyF063.mp3","?Hlo","Ay","f"
"Vo/Ay/f/Hlo_AyF044.mp3","?Hlo","Ay","f"
"Vo/Ay/f/Hlo_AyF134.mp3","?Hlo","Ay","f"
"Vo/Ay/f/Atk_AyF003.mp3","?Atk","Ay","f"
"Vo/Ay/f/Hlo_AyF125.mp3","?Hlo","Ay","f"
"Vo/Ay/f/Hlo_AyF129.mp3","?Hlo","Ay","f"
"Vo/Ay/f/Atk_AyF008.mp3","?Atk","Ay","f"
"Vo/Ay/f/Hlo_AyF060.mp3","?Hlo","Ay","f"
"Vo/Ay/f/Hlo_AyF029.mp3","?Hlo","Ay","f"
"Vo/Ay/f/Hlo_AyF015.mp3","?Hlo","Ay","f"
"Vo/Ay/f/Hlo_AyF049.mp3","?Hlo","Ay","f"
"Vo/Ay/f/Hlo_AyF100.mp3","?Hlo","Ay","f"
"Vo/Ay/f/Hlo_AyF028.mp3","?Hlo","Ay","f"
"Vo/Ay/f/Hlo_AyF031.mp3","?Hlo","Ay","f"
"Vo/Ay/f/Fle_AyF003.mp3","?Fle","Ay","f"
"Vo/Ay/f/Hlo_AyF010.mp3","?Hlo","Ay","f"
"Vo/Ay/f/Hlo_AyF096.mp3","?Hlo","Ay","f"
"Vo/Ay/f/Hlo_AyF022.mp3","?Hlo","Ay","f"
"Vo/Ay/f/Hlo_AyF006.mp3","?Hlo","Ay","f"
"Vo/Ay/f/OP_AyF004.mp3","?OP","Ay","f"
"Vo/Ay/f/Hlo_AyF076.mp3","?Hlo","Ay","f"
"Vo/Ay/f/Atk_AyF005.mp3","?Atk","Ay","f"
"Vo/Ay/f/Hlo_AyF138.mp3","?Hlo","Ay","f"
"Vo/Ay/f/Hlo_AyF088.mp3","?Hlo","Ay","f"
"Vo/Ay/f/Srv_AyF008.mp3","?Srv","Ay","f"
"Vo/Ay/f/Hlo_AyF127.mp3","?Hlo","Ay","f"
"Vo/Ay/f/Hlo_AyF041.mp3","?Hlo","Ay","f"
"Vo/Ay/f/Hlo_AyF018.mp3","?Hlo","Ay","f"
"Vo/Ay/f/Hlo_AyF016.mp3","?Hlo","Ay","f"
"Vo/Ay/f/Hlo_AyF094.mp3","?Hlo","Ay","f"
"Vo/Ay/f/Hlo_AyF058.mp3","?Hlo","Ay","f"
"Vo/Ay/f/Hlo_AyF002.mp3","?Hlo","Ay","f"
"Vo/Ay/f/Hlo_AyF065.mp3","?Hlo","Ay","f"
"Vo/Ay/f/Hit_AyF005.mp3","?Hit","Ay","f"
"Vo/Ay/f/OP_AyF005.mp3","?OP","Ay","f"
"Vo/Ay/f/Thf_AyF003.mp3","?Thf","Ay","f"
"Vo/Ay/f/Hlo_AyF070.mp3","?Hlo","Ay","f"
"Vo/Ay/f/Hlo_AyF077.mp3","?Hlo","Ay","f"
"Vo/Ay/f/Hit_AyF012.mp3","?Hit","Ay","f"
"Vo/Ay/f/Hlo_AyF024.mp3","?Hlo","Ay","f"
"Vo/Ay/f/Hlo_AyF000b.mp3","?Hlo","Ay","f"
"Vo/Ay/f/Hlo_AyF061.mp3","?Hlo","Ay","f"
"Vo/Ay/f/Srv_AyF004.mp3","?Srv","Ay","f"
"Vo/Ay/f/Hlo_AyF131.mp3","?Hlo","Ay","f"
"Vo/Ay/f/Hlo_AyF025.mp3","?Hlo","Ay","f"
"Vo/Ay/f/Thf_AyF004.mp3","?Thf","Ay","f"
"Vo/Ay/f/Hlo_AyF110.mp3","?Hlo","Ay","f"
"Vo/Ay/f/Hit_AyF008.mp3","?Hit","Ay","f"
"Vo/Ay/f/Hlo_AyF008.mp3","?Hlo","Ay","f"
"Vo/Ay/f/Hit_AyF007.mp3","?Hit","Ay","f"
"Vo/Ay/f/Hlo_AyF122.mp3","?Hlo","Ay","f"
"Vo/Ay/f/Thf_AyF001.mp3","?Thf","Ay","f"
"Vo/Ay/f/Hlo_AyF012.mp3","?Hlo","Ay","f"
"Vo/Ay/f/Flw_AyF005.mp3","?Flw","Ay","f"
"Vo/Ay/f/CrAtk_AyF003.mp3","?CrAtk","Ay","f"
"Vo/Ay/f/Flw_AyF003.mp3","?Flw","Ay","f"
"Vo/Ay/f/Atk_AyF011.mp3","?Atk","Ay","f"
"Vo/Ay/f/Hlo_AyF027.mp3","?Hlo","Ay","f"
"Vo/Ay/f/Hlo_AyF003.mp3","?Hlo","Ay","f"
"Vo/Ay/f/Hlo_AyF084.mp3","?Hlo","Ay","f"
"Vo/Ay/f/Srv_AyF001.mp3","?Srv","Ay","f"
"Vo/Ay/f/Hlo_AyF014.mp3","?Hlo","Ay","f"
"Vo/Ay/f/Hlo_AyF013.mp3","?Hlo","Ay","f"
"Vo/Ay/f/Hlo_AyF089.mp3","?Hlo","Ay","f"
"Vo/Ay/f/Hlo_AyF116.mp3","?Hlo","Ay","f"
"Vo/Ay/f/Hlo_AyF073.mp3","?Hlo","Ay","f"
"Vo/Ay/f/Srv_AyF009.mp3","?Srv","Ay","f"
"Vo/Ay/f/Hlo_AyF000d.mp3","?Hlo","Ay","f"
"Vo/Ay/f/Hlo_AyF069.mp3","?Hlo","Ay","f"
"Vo/Ay/f/Hlo_AyF136.mp3","?Hlo","Ay","f"
"Vo/Ay/f/Hlo_AyF098.mp3","?Hlo","Ay","f"
"Vo/Ay/f/Hlo_AyF123.mp3","?Hlo","Ay","f"
"Vo/Ay/f/Hit_AyF014.mp3","?Hit","Ay","f"
"Vo/Ay/f/Flw_AyF002.mp3","?Flw","Ay","f"
"Vo/Ay/f/Atk_AyF002.mp3","?Atk","Ay","f"
"Vo/Ay/f/CrAtk_AyF001.mp3","?CrAtk","Ay","f"
"Vo/Ay/f/Hlo_AyF105.mp3","?Hlo","Ay","f"
"Vo/Ay/f/Hlo_AyF021.mp3","?Hlo","Ay","f"
"Vo/Ay/f/Idl_AyF006.mp3","?Idl","Ay","f"
"Vo/Ay/f/Hlo_AyF066.mp3","?Hlo","Ay","f"
"Vo/Ay/f/Hlo_AyF126.mp3","?Hlo","Ay","f"
"Vo/Ay/f/Hlo_AyF004.mp3","?Hlo","Ay","f"
"Vo/Ay/f/Hlo_AyF042.mp3","?Hlo","Ay","f"
"Vo/Ay/f/Hlo_AyF137.mp3","?Hlo","Ay","f"
"Vo/Ay/f/Hlo_AyF095.mp3","?Hlo","Ay","f"
"Vo/Ay/f/Hit_AyF004.mp3","?Hit","Ay","f"
"Vo/Ay/f/Hlo_AyF030.mp3","?Hlo","Ay","f"
"Vo/Ay/f/Hlo_AyF112.mp3","?Hlo","Ay","f"
"Vo/Ay/f/Hlo_AyF054.mp3","?Hlo","Ay","f"
"Vo/Ay/f/Flw_AyF006.mp3","?Flw","Ay","f"
"Vo/Ay/f/Atk_AyF009.mp3","?Atk","Ay","f"
"Vo/Ay/f/Hlo_AyF128.mp3","?Hlo","Ay","f"
"Vo/Ay/f/Hlo_AyF032.mp3","?Hlo","Ay","f"
"Vo/Ay/f/Hlo_AyF072.mp3","?Hlo","Ay","f"
"Vo/Ay/f/Hlo_AyF082.mp3","?Hlo","Ay","f"
"Vo/Ay/f/Hlo_AyF019.mp3","?Hlo","Ay","f"
"Vo/Ay/f/Fle_AyF001.mp3","?Fle","Ay","f"
"Vo/Ay/f/Hlo_AyF020.mp3","?Hlo","Ay","f"
"Vo/Ay/f/Thf_AyF005.mp3","?Thf","Ay","f"
"Vo/Ay/f/Atk_AyF013.mp3","?Atk","Ay","f"
"Vo/Ay/f/Hlo_AyF047.mp3","?Hlo","Ay","f"
"Vo/Ay/f/Hlo_AyF103.mp3","?Hlo","Ay","f"
"Vo/Ay/f/Hlo_AyF033.mp3","?Hlo","Ay","f"
"Vo/Ay/f/Hlo_AyF087.mp3","?Hlo","Ay","f"
"Vo/Ay/f/OP_AyF001.mp3","?OP","Ay","f"
"Vo/Ay/f/Hlo_AyF132.mp3","?Hlo","Ay","f"
"Vo/Ay/f/Atk_AyF007.mp3","?Atk","Ay","f"
"Vo/Ay/f/Srv_AyF002.mp3","?Srv","Ay","f"
"Vo/Ay/f/OP_AyF006.mp3","?OP","Ay","f"
"Vo/Ay/f/Srv_AyF005.mp3","?Srv","Ay","f"
"Vo/Ay/f/Hlo_AyF099.mp3","?Hlo","Ay","f"
"Vo/Ay/f/Hlo_AyF017.mp3","?Hlo","Ay","f"
"Vo/Ay/f/Hlo_AyF133.mp3","?Hlo","Ay","f"
"Vo/Ay/f/Hit_AyF006.mp3","?Hit","Ay","f"
"Vo/Ay/f/OP_AyF003.mp3","?OP","Ay","f"
"Vo/Ay/f/Srv_AyF006.mp3","?Srv","Ay","f"
"Vo/Ay/f/Atk_AyF001.mp3","?Atk","Ay","f"
"Vo/Ay/f/Hlo_AyF007.mp3","?Hlo","Ay","f"
"Vo/Ay/f/Hit_AyF009.mp3","?Hit","Ay","f"
"Vo/Ay/f/Hlo_AyF039.mp3","?Hlo","Ay","f"
"Vo/Ay/f/CrAtk_AyF004.mp3","?CrAtk","Ay","f"
"Vo/Ay/f/Hlo_AyF045.mp3","?Hlo","Ay","f"
"Vo/Ay/f/Hit_AyF011.mp3","?Hit","Ay","f"
"Vo/Ay/f/Srv_AyF007.mp3","?Srv","Ay","f"
"Vo/Ay/f/Hlo_AyF062.mp3","?Hlo","Ay","f"
"Vo/Ay/f/Hlo_AyF093.mp3","?Hlo","Ay","f"
"Vo/Ay/f/Hlo_AyF064.mp3","?Hlo","Ay","f"
"Vo/Ay/f/Hlo_AyF109.mp3","?Hlo","Ay","f"
"Vo/Ay/f/Idl_AyF001.mp3","?Idl","Ay","f"
"Vo/Ay/f/Hlo_AyF101.mp3","?Hlo","Ay","f"
"Vo/Ay/f/Hlo_AyF124.mp3","?Hlo","Ay","f"
"Vo/Ay/f/Hlo_AyF067.mp3","?Hlo","Ay","f"
"Vo/Ay/f/CrAtk_AyF005.mp3","?CrAtk","Ay","f"
"Vo/Ay/f/Hlo_AyF000a.mp3","?Hlo","Ay","f"
"Vo/Ay/f/Srv_AyF003.mp3","?Srv","Ay","f"
"Vo/Ay/f/Thf_AyF002.mp3","?Thf","Ay","f"
"Vo/Ay/f/Hlo_AyF090.mp3","?Hlo","Ay","f"
"Vo/Ay/f/Hlo_AyF037.mp3","?Hlo","Ay","f"
"Vo/Ay/f/Hlo_AyF075.mp3","?Hlo","Ay","f"
"Vo/Ay/f/Hlo_AyF036.mp3","?Hlo","Ay","f"
"Vo/Ay/f/Hit_AyF003.mp3","?Hit","Ay","f"
"Vo/Ay/f/Hlo_AyF115.mp3","?Hlo","Ay","f"
"Vo/Ay/f/Hlo_AyF135.mp3","?Hlo","Ay","f"
"Vo/Ay/f/Hlo_AyF083.mp3","?Hlo","Ay","f"
"Vo/Ay/f/Atk_AyF006.mp3","?Atk","Ay","f"
"Vo/Ay/f/Hit_AyF001.mp3","?Hit","Ay","f"
"Vo/Ay/f/Hlo_AyF085.mp3","?Hlo","Ay","f"
"Vo/Ay/f/Hlo_AyF040.mp3","?Hlo","Ay","f"
"Vo/Ay/f/Hlo_AyF130.mp3","?Hlo","Ay","f"
"Vo/Ay/f/Hlo_AyF005.mp3","?Hlo","Ay","f"
"Vo/Ay/f/Atk_AyF012.mp3","?Atk","Ay","f"
"Vo/Ay/f/CrAtk_AyF002.mp3","?CrAtk","Ay","f"
"Vo/Ay/f/Hlo_AyF034.mp3","?Hlo","Ay","f"
"Vo/Ay/f/Hlo_AyF023.mp3","?Hlo","Ay","f"
"Vo/Ay/f/Hlo_AyF057.mp3","?Hlo","Ay","f"
"Vo/Ay/f/Hlo_AyF059.mp3","?Hlo","Ay","f"
"Vo/Ay/f/Hlo_AyF102.mp3","?Hlo","Ay","f"
"Vo/Ay/f/Hlo_AyF048.mp3","?Hlo","Ay","f"
"Vo/Ay/f/Hlo_AyF071.mp3","?Hlo","Ay","f"
"Vo/Ay/f/Hit_AyF002.mp3","?Hit","Ay","f"
"Vo/Ay/f/Atk_AyF010.mp3","?Atk","Ay","f"
"Vo/Ay/f/Fle_AyF002.mp3","?Fle","Ay","f"
"Vo/Ay/f/Flw_AyF004.mp3","?Flw","Ay","f"
"Vo/Ay/f/Hlo_AyF000c.mp3","?Hlo","Ay","f"
"Vo/Ay/f/Hlo_AyF111.mp3","?Hlo","Ay","f"
"Vo/Ay/f/Hlo_AyF038.mp3","?Hlo","Ay","f"
"Vo/Ay/f/Hlo_AyF043.mp3","?Hlo","Ay","f"
"Vo/Ay/f/OP_AyF007.mp3","?OP","Ay","f"
"Vo/Ay/f/Idl_AyF008.mp3","?Idl","Ay","f"
"Vo/Ay/f/OP_AyF002.mp3","?OP","Ay","f"
"Vo/Ay/f/Hlo_AyF119.mp3","?Hlo","Ay","f"
"Vo/Ay/f/Hlo_AyF055.mp3","?Hlo","Ay","f"
"Vo/Ay/f/Hlo_AyF120.mp3","?Hlo","Ay","f"
"Vo/Ay/f/Hlo_AyF052.mp3","?Hlo","Ay","f"
"Vo/Ay/f/Hlo_AyF118.mp3","?Hlo","Ay","f"
"Vo/Ay/f/Atk_AyF004.mp3","?Atk","Ay","f"
"Vo/Ay/f/Hit_AyF013.mp3","?Hit","Ay","f"
"Vo/Ay/f/Hlo_AyF074.mp3","?Hlo","Ay","f"
"Vo/Ay/f/Hlo_AyF107.mp3","?Hlo","Ay","f"
"Vo/Ay/f/Hlo_AyF091.mp3","?Hlo","Ay","f"
"Vo/Ay/f/Hlo_AyF000e.mp3","?Hlo","Ay","f"
"Vo/Ay/f/Idl_AyF005.mp3","?Idl","Ay","f"
"Vo/Ay/f/Hlo_AyF081.mp3","?Hlo","Ay","f"
"Vo/Ay/f/Hlo_AyF050.mp3","?Hlo","Ay","f"
"Vo/Ay/f/Hlo_AyF068.mp3","?Hlo","Ay","f"
"Vo/Ay/f/Hlo_AyF078.mp3","?Hlo","Ay","f"
"Vo/Ay/f/Hlo_AyF011.mp3","?Hlo","Ay","f"
"Vo/Ay/f/Fle_AyF004.mp3","?Fle","Ay","f"
"Vo/Ay/f/Hlo_AyF046.mp3","?Hlo","Ay","f"
"Vo/Ay/f/Flw_AyF001.mp3","?Flw","Ay","f"
"Vo/Ay/f/Idl_AyF007.mp3","?Idl","Ay","f"
"Vo/Ay/f/Hlo_AyF113.mp3","?Hlo","Ay","f"
"Vo/Ay/f/Hlo_AyF056.mp3","?Hlo","Ay","f"
"Vo/Ay/f/Hlo_AyF114.mp3","?Hlo","Ay","f"
"Vo/Ay/f/Hlo_AyF108.mp3","?Hlo","Ay","f"
"Vo/Ay/f/OP_AyF008.mp3","?OP","Ay","f"
"Vo/Ay/f/Hlo_AyF001.mp3","?Hlo","Ay","f"
"Vo/Ay/m/Hlo_Ay099.mp3","?Hlo","Ay","m"
"Vo/Ay/m/Hit_Ay004.mp3","?Hit","Ay","m"
"Vo/Ay/m/Hlo_Ay083.mp3","?Hlo","Ay","m"
"Vo/Ay/m/Hlo_Ay113.mp3","?Hlo","Ay","m"
"Vo/Ay/m/Hit_Ay015.mp3","?Hit","Ay","m"
"Vo/Ay/m/Hlo_Ay043.mp3","?Hlo","Ay","m"
"Vo/Ay/m/Thf_Ay001.mp3","?Thf","Ay","m"
"Vo/Ay/m/Hlo_Ay054.mp3","?Hlo","Ay","m"
"Vo/Ay/m/Hlo_Ay051.mp3","?Hlo","Ay","m"
"Vo/Ay/m/Thf_Ay005.mp3","?Thf","Ay","m"
"Vo/Ay/m/Hlo_Ay091.mp3","?Hlo","Ay","m"
"Vo/Ay/m/Hit_Ay003.mp3","?Hit","Ay","m"
"Vo/Ay/m/Hlo_Ay121.mp3","?Hlo","Ay","m"
"Vo/Ay/m/Hlo_Ay116.mp3","?Hlo","Ay","m"
"Vo/Ay/m/Hlo_Ay068.mp3","?Hlo","Ay","m"
"Vo/Ay/m/Hit_Ay009.mp3","?Hit","Ay","m"
"Vo/Ay/m/Flw_Ay001.mp3","?Flw","Ay","m"
"Vo/Ay/m/Hlo_Ay047.mp3","?Hlo","Ay","m"
"Vo/Ay/m/Flw_Ay003.mp3","?Flw","Ay","m"
"Vo/Ay/m/Atk_Ay007.mp3","?Atk","Ay","m"
"Vo/Ay/m/Hlo_Ay115.mp3","?Hlo","Ay","m"
"Vo/Ay/m/Hlo_Ay087.mp3","?Hlo","Ay","m"
"Vo/Ay/m/Hlo_Ay049.mp3","?Hlo","Ay","m"
"Vo/Ay/m/Hlo_Ay084.mp3","?Hlo","Ay","m"
"Vo/Ay/m/Hlo_Ay031.mp3","?Hlo","Ay","m"
"Vo/Ay/m/CrAtk_Ay005.mp3","?CrAtk","Ay","m"
"Vo/Ay/m/Srv_Ay002.mp3","?Srv","Ay","m"
"Vo/Ay/m/Atk_Ay009.mp3","?Atk","Ay","m"
"Vo/Ay/m/Fle_Ay001.mp3","?Fle","Ay","m"
"Vo/Ay/m/Hlo_Ay094.mp3","?Hlo","Ay","m"
"Vo/Ay/m/Hlo_Ay078.mp3","?Hlo","Ay","m"
"Vo/Ay/m/Hlo_Ay133.mp3","?Hlo","Ay","m"
"Vo/Ay/m/Idl_Ay002.mp3","?Idl","Ay","m"
"Vo/Ay/m/Hlo_Ay058.mp3","?Hlo","Ay","m"
"Vo/Ay/m/Hlo_Ay032.mp3","?Hlo","Ay","m"
"Vo/Ay/m/Idl_Ay008.mp3","?Idl","Ay","m"
"Vo/Ay/m/Hlo_Ay100.mp3","?Hlo","Ay","m"
"Vo/Ay/m/Hlo_Ay097.mp3","?Hlo","Ay","m"
"Vo/Ay/m/Hlo_Ay048.mp3","?Hlo","Ay","m"
"Vo/Ay/m/Hlo_Ay128.mp3","?Hlo","Ay","m"
"Vo/Ay/m/Hlo_Ay069.mp3","?Hlo","Ay","m"
"Vo/Ay/m/Idl_Ay005.mp3","?Idl","Ay","m"
"Vo/Ay/m/Hlo_Ay059.mp3","?Hlo","Ay","m"
"Vo/Ay/m/Hlo_Ay124.mp3","?Hlo","Ay","m"
"Vo/Ay/m/Atk_Ay011.mp3","?Atk","Ay","m"
"Vo/Ay/m/Hlo_Ay129.mp3","?Hlo","Ay","m"
"Vo/Ay/m/Hlo_Ay104.mp3","?Hlo","Ay","m"
"Vo/Ay/m/Hlo_Ay073.mp3","?Hlo","Ay","m"
"Vo/Ay/m/Hlo_Ay002.mp3","?Hlo","Ay","m"
"Vo/Ay/m/Hlo_Ay112.mp3","?Hlo","Ay","m"
"Vo/Ay/m/Atk_Ay013.mp3","?Atk","Ay","m"
"Vo/Ay/m/Hlo_Ay086.mp3","?Hlo","Ay","m"
"Vo/Ay/m/Hlo_Ay070.mp3","?Hlo","Ay","m"
"Vo/Ay/m/Hlo_Ay001.mp3","?Hlo","Ay","m"
"Vo/Ay/m/Hlo_Ay079.mp3","?Hlo","Ay","m"
"Vo/Ay/m/Idl_Ay003.mp3","?Idl","Ay","m"
"Vo/Ay/m/Hlo_Ay130.mp3","?Hlo","Ay","m"
"Vo/Ay/m/Hlo_Ay109.mp3","?Hlo","Ay","m"
"Vo/Ay/m/Hlo_Ay067.mp3","?Hlo","Ay","m"
"Vo/Ay/m/Hlo_Ay117.mp3","?Hlo","Ay","m"
"Vo/Ay/m/Hlo_Ay102.mp3","?Hlo","Ay","m"
"Vo/Ay/m/Hlo_Ay020.mp3","?Hlo","Ay","m"
"Vo/Ay/m/Hlo_Ay072.mp3","?Hlo","Ay","m"
"Vo/Ay/m/Flw_Ay002.mp3","?Flw","Ay","m"
"Vo/Ay/m/Hlo_Ay127.mp3","?Hlo","Ay","m"
"Vo/Ay/m/Hlo_Ay123.mp3","?Hlo","Ay","m"
"Vo/Ay/m/Hlo_Ay103.mp3","?Hlo","Ay","m"
"Vo/Ay/m/Hit_Ay001.mp3","?Hit","Ay","m"
"Vo/Ay/m/Fle_Ay005.mp3","?Fle","Ay","m"
"Vo/Ay/m/Hlo_Ay126.mp3","?Hlo","Ay","m"
"Vo/Ay/m/Hlo_Ay066.mp3","?Hlo","Ay","m"
"Vo/Ay/m/Hlo_Ay029.mp3","?Hlo","Ay","m"
"Vo/Ay/m/Hit_Ay012.mp3","?Hit","Ay","m"
"Vo/Ay/m/Hlo_Ay024.mp3","?Hlo","Ay","m"
"Vo/Ay/m/Fle_Ay003.mp3","?Fle","Ay","m"
"Vo/Ay/m/Atk_Ay001.mp3","?Atk","Ay","m"
"Vo/Ay/m/Hlo_Ay107.mp3","?Hlo","Ay","m"
"Vo/Ay/m/Hlo_Ay039.mp3","?Hlo","Ay","m"
"Vo/Ay/m/Hlo_Ay063.mp3","?Hlo","Ay","m"
"Vo/Ay/m/Hlo_Ay012.mp3","?Hlo","Ay","m"
"Vo/Ay/m/Hlo_Ay015.mp3","?Hlo","Ay","m"
"Vo/Ay/m/Hlo_Ay085.mp3","?Hlo","Ay","m"
"Vo/Ay/m/Hlo_Ay071.mp3","?Hlo","Ay","m"
"Vo/Ay/m/Hlo_Ay041.mp3","?Hlo","Ay","m"
"Vo/Ay/m/Hlo_Ay027.mp3","?Hlo","Ay","m"
"Vo/Ay/m/Hlo_Ay074.mp3","?Hlo","Ay","m"
"Vo/Ay/m/Hlo_Ay046.mp3","?Hlo","Ay","m"
"Vo/Ay/m/Atk_Ay002.mp3","?Atk","Ay","m"
"Vo/Ay/m/Hit_Ay013.mp3","?Hit","Ay","m"
"Vo/Ay/m/Hlo_Ay134.mp3","?Hlo","Ay","m"
"Vo/Ay/m/Hlo_Ay013.mp3","?Hlo","Ay","m"
"Vo/Ay/m/Hlo_Ay135.mp3","?Hlo","Ay","m"
"Vo/Ay/m/Hlo_Ay009.mp3","?Hlo","Ay","m"
"Vo/Ay/m/Hlo_Ay006.mp3","?Hlo","Ay","m"
"Vo/Ay/m/Hlo_Ay055.mp3","?Hlo","Ay","m"
"Vo/Ay/m/Hlo_Ay132.mp3","?Hlo","Ay","m"
"Vo/Ay/m/Hlo_Ay120.mp3","?Hlo","Ay","m"
"Vo/Ay/m/Hlo_Ay014.mp3","?Hlo","Ay","m"
"Vo/Ay/m/Hlo_Ay080.mp3","?Hlo","Ay","m"
"Vo/Ay/m/Idl_Ay009.mp3","?Idl","Ay","m"
"Vo/Ay/m/Hlo_Ay005.mp3","?Hlo","Ay","m"
"Vo/Ay/m/Hlo_Ay101.mp3","?Hlo","Ay","m"
"Vo/Ay/m/Hlo_Ay003.mp3","?Hlo","Ay","m"
"Vo/Ay/m/Hit_Ay010.mp3","?Hit","Ay","m"
"Vo/Ay/m/Hlo_Ay119.mp3","?Hlo","Ay","m"
"Vo/Ay/m/Hlo_Ay065.mp3","?Hlo","Ay","m"
"Vo/Ay/m/Hlo_Ay025.mp3","?Hlo","Ay","m"
"Vo/Ay/m/Hlo_Ay093.mp3","?Hlo","Ay","m"
"Vo/Ay/m/Hlo_Ay016.mp3","?Hlo","Ay","m"
"Vo/Ay/m/Atk_Ay008.mp3","?Atk","Ay","m"
"Vo/Ay/m/Hlo_Ay008.mp3","?Hlo","Ay","m"
"Vo/Ay/m/Srv_Ay004.mp3","?Srv","Ay","m"
"Vo/Ay/m/Hlo_Ay036.mp3","?Hlo","Ay","m"
"Vo/Ay/m/CrAtk_Ay004.mp3","?CrAtk","Ay","m"
"Vo/Ay/m/Hlo_Ay018.mp3","?Hlo","Ay","m"
"Vo/Ay/m/Thf_Ay002.mp3","?Thf","Ay","m"
"Vo/Ay/m/Hlo_Ay035.mp3","?Hlo","Ay","m"
"Vo/Ay/m/Hit_Ay005.mp3","?Hit","Ay","m"
"Vo/Ay/m/Hlo_Ay019.mp3","?Hlo","Ay","m"
"Vo/Ay/m/Thf_AyM001.mp3","?Thf","Ay","m"
"Vo/Ay/m/Fle_Ay004.mp3","?Fle","Ay","m"
"Vo/Ay/m/Idl_Ay001.mp3","?Idl","Ay","m"
"Vo/Ay/m/Hit_Ay006.mp3","?Hit","Ay","m"
"Vo/Ay/m/Hit_Ay014.mp3","?Hit","Ay","m"
"Vo/Ay/m/Hlo_Ay077.mp3","?Hlo","Ay","m"
"Vo/Ay/m/Hlo_Ay111.mp3","?Hlo","Ay","m"
"Vo/Ay/m/Hlo_Ay138.mp3","?Hlo","Ay","m"
"Vo/Ay/m/Hlo_Ay021.mp3","?Hlo","Ay","m"
"Vo/Ay/m/Hlo_Ay118.mp3","?Hlo","Ay","m"
"Vo/Ay/m/Hlo_Ay017.mp3","?Hlo","Ay","m"
"Vo/Ay/m/Hlo_Ay045.mp3","?Hlo","Ay","m"
"Vo/Ay/m/Srv_Ay001.mp3","?Srv","Ay","m"
"Vo/Ay/m/Hlo_Ay061.mp3","?Hlo","Ay","m"
"Vo/Ay/m/Thf_Ay004.mp3","?Thf","Ay","m"
"Vo/Ay/m/Hlo_Ay095.mp3","?Hlo","Ay","m"
"Vo/Ay/m/Hlo_Ay052.mp3","?Hlo","Ay","m"
"Vo/Ay/m/Hlo_Ay030.mp3","?Hlo","Ay","m"
"Vo/Ay/m/Hlo_Ay034.mp3","?Hlo","Ay","m"
"Vo/Ay/m/Hit_Ay002.mp3","?Hit","Ay","m"
"Vo/Ay/m/Hlo_Ay010.mp3","?Hlo","Ay","m"
"Vo/Ay/m/Hit_Ay008.mp3","?Hit","Ay","m"
"Vo/Ay/m/Thf_AyM005.mp3","?Thf","Ay","m"
"Vo/Ay/m/Atk_Ay018.mp3","?Atk","Ay","m"
"Vo/Ay/m/Hlo_Ay007.mp3","?Hlo","Ay","m"
"Vo/Ay/m/Hlo_Ay060.mp3","?Hlo","Ay","m"
"Vo/Ay/m/Hlo_Ay056.mp3","?Hlo","Ay","m"
"Vo/Ay/m/Hlo_Ay136.mp3","?Hlo","Ay","m"
"Vo/Ay/m/Atk_Ay005.mp3","?Atk","Ay","m"
"Vo/Ay/m/Hit_Ay007.mp3","?Hit","Ay","m"
"Vo/Ay/m/Hlo_Ay082.mp3","?Hlo","Ay","m"
"Vo/Ay/m/Idl_Ay007.mp3","?Idl","Ay","m"
"Vo/Ay/m/Hlo_Ay096.mp3","?Hlo","Ay","m"
"Vo/Ay/m/CrAtk_Ay002.mp3","?CrAtk","Ay","m"
"Vo/Ay/m/Hlo_Ay026.mp3","?Hlo","Ay","m"
"Vo/Ay/m/Hlo_Ay004.mp3","?Hlo","Ay","m"
"Vo/Ay/m/Hlo_Ay064.mp3","?Hlo","Ay","m"
"Vo/Ay/m/Hlo_Ay042.mp3","?Hlo","Ay","m"
"Vo/Ay/m/Atk_Ay004.mp3","?Atk","Ay","m"
"Vo/Ay/m/Thf_Ay003.mp3","?Thf","Ay","m"
"Vo/Ay/m/Hlo_Ay106.mp3","?Hlo","Ay","m"
"Vo/Ay/m/Atk_Ay010.mp3","?Atk","Ay","m"
"Vo/Ay/m/CrAtk_Ay003.mp3","?CrAtk","Ay","m"
"Vo/Ay/m/Thf_AyM002.mp3","?Thf","Ay","m"
"Vo/Ay/m/Hlo_Ay122.mp3","?Hlo","Ay","m"
"Vo/Ay/m/Hlo_Ay114.mp3","?Hlo","Ay","m"
"Vo/Ay/m/Hlo_Ay062.mp3","?Hlo","Ay","m"
"Vo/Ay/m/Hlo_Ay075.mp3","?Hlo","Ay","m"
"Vo/Ay/m/Idl_Ay004.mp3","?Idl","Ay","m"
"Vo/Ay/m/Hlo_Ay110.mp3","?Hlo","Ay","m"
"Vo/Ay/m/Hit_Ay011.mp3","?Hit","Ay","m"
"Vo/Ay/m/Atk_Ay012.mp3","?Atk","Ay","m"
"Vo/Ay/m/CrAtk_Ay001.mp3","?CrAtk","Ay","m"
"Vo/Ay/m/Hlo_Ay053.mp3","?Hlo","Ay","m"
"Vo/Ay/m/Hlo_Ay044.mp3","?Hlo","Ay","m"
"Vo/Ay/m/Idl_Ay006.mp3","?Idl","Ay","m"
"Vo/Ay/m/Hlo_Ay089.mp3","?Hlo","Ay","m"
"Vo/Ay/m/Hlo_Ay090.mp3","?Hlo","Ay","m"
"Vo/Ay/m/Hlo_Ay037.mp3","?Hlo","Ay","m"
"Vo/Ay/m/Hlo_Ay088.mp3","?Hlo","Ay","m"
"Vo/Ay/m/Hlo_Ay108.mp3","?Hlo","Ay","m"
"Vo/Ay/m/Hlo_Ay076.mp3","?Hlo","Ay","m"
"Vo/Ay/m/Hlo_Ay038.mp3","?Hlo","Ay","m"
"Vo/Ay/m/Hlo_Ay105.mp3","?Hlo","Ay","m"
"Vo/Ay/m/Thf_AyM003.mp3","?Thf","Ay","m"
"Vo/Ay/m/Hlo_Ay033.mp3","?Hlo","Ay","m"
"Vo/Ay/m/Hlo_Ay131.mp3","?Hlo","Ay","m"
"Vo/Ay/m/Hlo_Ay081.mp3","?Hlo","Ay","m"
"Vo/Ay/m/Hlo_Ay050.mp3","?Hlo","Ay","m"
"Vo/Ay/m/Hlo_Ay040.mp3","?Hlo","Ay","m"
"Vo/Ay/m/Hlo_Ay098.mp3","?Hlo","Ay","m"
"Vo/Ay/m/Hlo_Ay023.mp3","?Hlo","Ay","m"
"Vo/Ay/m/Hlo_Ay057.mp3","?Hlo","Ay","m"
"Vo/Ay/m/Hlo_Ay137.mp3","?Hlo","Ay","m"
"Vo/Ay/m/Hlo_Ay022.mp3","?Hlo","Ay","m"
"Vo/Ay/m/Atk_Ay003.mp3","?Atk","Ay","m"
"Vo/Ay/m/Srv_Ay005.mp3","?Srv","Ay","m"
"Vo/Ay/m/Hlo_Ay125.mp3","?Hlo","Ay","m"
"Vo/Ay/m/Hlo_Ay011.mp3","?Hlo","Ay","m"
"Vo/Ay/m/Hlo_Ay092.mp3","?Hlo","Ay","m"
"Vo/Ay/m/Srv_Ay003.mp3","?Srv","Ay","m"
"Vo/Ay/m/Hlo_Ay028.mp3","?Hlo","Ay","m"
"Vo/Ay/m/Fle_Ay002.mp3","?Fle","Ay","m"
"Vo/Ay/m/Thf_AyM004.mp3","?Thf","Ay","m"
"Vo/Ay/m/Srv_Ay006.mp3","?Srv","Ay","m"
"Vo/at_ord/ATOrd_Idl08.mp3","?ATOrd","Vo","at_ord"
"Vo/at_ord/ATOrd_Hlo06C.mp3","?ATOrd","Vo","at_ord"
"Vo/at_ord/ATOrd_Hlo16.mp3","?ATOrd","Vo","at_ord"
"Vo/at_ord/ATOrd_Hlo20.mp3","?ATOrd","Vo","at_ord"
"Vo/at_ord/ATOrd_Att01.mp3","?ATOrd","Vo","at_ord"
"Vo/at_ord/ATOrd_Idl02.mp3","?ATOrd","Vo","at_ord"
"Vo/at_ord/ATOrd_Hlo02.mp3","?ATOrd","Vo","at_ord"
"Vo/at_ord/ATOrd_Idl05.mp3","?ATOrd","Vo","at_ord"
"Vo/at_ord/ATOrd_Hlo04.mp3","?ATOrd","Vo","at_ord"
"Vo/at_ord/ATOrd_Idl09.mp3","?ATOrd","Vo","at_ord"
"Vo/at_ord/ATOrd_Hlo07.mp3","?ATOrd","Vo","at_ord"
"Vo/at_ord/ATOrd_Hlo08.mp3","?ATOrd","Vo","at_ord"
"Vo/at_ord/ATOrd_Idl03.mp3","?ATOrd","Vo","at_ord"
"Vo/at_ord/ATOrd_Hlo11.mp3","?ATOrd","Vo","at_ord"
"Vo/at_ord/ATOrd_Att02.mp3","?ATOrd","Vo","at_ord"
"Vo/at_ord/ATOrd_Hlo12.mp3","?ATOrd","Vo","at_ord"
"Vo/at_ord/ATOrd_Idl07.mp3","?ATOrd","Vo","at_ord"
"Vo/at_ord/ATOrd_Hlo14.mp3","?ATOrd","Vo","at_ord"
"Vo/at_ord/ATOrd_Thf02.mp3","?ATOrd","Vo","at_ord"
"Vo/at_ord/ATOrd_Idl01.mp3","?ATOrd","Vo","at_ord"
"Vo/at_ord/ATOrd_Hlo01.mp3","?ATOrd","Vo","at_ord"
"Vo/at_ord/ATOrd_Hlo21.mp3","?ATOrd","Vo","at_ord"
"Vo/at_ord/ATOrd_Thf01.mp3","?ATOrd","Vo","at_ord"
"Vo/at_ord/ATOrd_Hlo13.mp3","?ATOrd","Vo","at_ord"
"Vo/at_ord/ATOrd_Hlo03.mp3","?ATOrd","Vo","at_ord"
"Vo/at_ord/ATOrd_Att04.mp3","?ATOrd","Vo","at_ord"
"Vo/at_ord/ATOrd_Idl06.mp3","?ATOrd","Vo","at_ord"
"Vo/at_ord/ATOrd_Hlo05.mp3","?ATOrd","Vo","at_ord"
"Vo/at_ord/ATOrd_Idl04.mp3","?ATOrd","Vo","at_ord"
"Vo/at_ord/ATOrd_Hlo09.mp3","?ATOrd","Vo","at_ord"
"Vo/at_ord/ATOrd_Hlo10.mp3","?ATOrd","Vo","at_ord"
"Vo/at_ord/ATOrd_Att05.mp3","?ATOrd","Vo","at_ord"
"Vo/at_ord/ATOrd_Att03.mp3","?ATOrd","Vo","at_ord"
"Vo/at_ord/ATOrd_Hlo18.mp3","?ATOrd","Vo","at_ord"
"Vo/at_ord/ATOrd_Hlo06.mp3","?ATOrd","Vo","at_ord"
"Vo/at_ord/ATOrd_Hlo17.mp3","?ATOrd","Vo","at_ord"
"Vo/at_ord/ATOrd_Fle01.mp3","?ATOrd","Vo","at_ord"
"Vo/at_ord/ATOrd_Hlo06B.mp3","?ATOrd","Vo","at_ord"
"Vo/at_ord/ATOrd_Hlo19.mp3","?ATOrd","Vo","at_ord"
"Vo/at_ord/ATOrd_Fle02.mp3","?ATOrd","Vo","at_ord"
"Vo/at_ord/ATOrd_Hlo15.mp3","?ATOrd","Vo","at_ord"
"Vo/tr/misc/TR_Belbetu_Att01.mp3","?Belbetu","tr","misc"
"Vo/tr/misc/TR_Belbetu_Att06.mp3","?Belbetu","tr","misc"
"Vo/tr/misc/TR_Belbetu_Qst01.mp3","?Belbetu","tr","misc"
"Vo/tr/misc/TR_Belbetu_Int03.mp3","?Belbetu","tr","misc"
"Vo/tr/misc/TR_Belbetu_Att03.mp3","?Belbetu","tr","misc"
"Vo/tr/misc/TR_Belbetu_Qst04.mp3","?Belbetu","tr","misc"
"Vo/tr/misc/TR_Belbetu_Hlo09.mp3","?Belbetu","tr","misc"
"Vo/tr/misc/TR_Belbetu_Hlo08.mp3","?Belbetu","tr","misc"
"Vo/tr/misc/TR_Belbetu_Hlo06.mp3","?Belbetu","tr","misc"
"Vo/tr/misc/TR_Belbetu_Ent04.mp3","?Belbetu","tr","misc"
"Vo/tr/misc/TR_Belbetu_Hlo03.mp3","?Belbetu","tr","misc"
"Vo/tr/misc/TR_Belbetu_Hlo04.mp3","?Belbetu","tr","misc"
"Vo/tr/misc/TR_Belbetu_Hlo10.mp3","?Belbetu","tr","misc"
"Vo/tr/misc/TR_Belbetu_Ent03.mp3","?Belbetu","tr","misc"
"Vo/tr/misc/TR_Belbetu_Att02.mp3","?Belbetu","tr","misc"
"Vo/tr/misc/TR_Belbetu_Hlo11.mp3","?Belbetu","tr","misc"
"Vo/tr/misc/TR_Belbetu_Int01.mp3","?Belbetu","tr","misc"
"Vo/tr/misc/TR_Belbetu_Hlo12.mp3","?Belbetu","tr","misc"
"Vo/tr/misc/TR_Belbetu_Ent02.mp3","?Belbetu","tr","misc"
"Vo/tr/misc/TR_Belbetu_Att07.mp3","?Belbetu","tr","misc"
"Vo/tr/misc/TR_Belbetu_Qst07.mp3","?Belbetu","tr","misc"
"Vo/tr/misc/TR_Belbetu_Hlo01.mp3","?Belbetu","tr","misc"
"Vo/tr/misc/TR_Belbetu_Ent01.mp3","?Belbetu","tr","misc"
"Vo/tr/misc/TR_Belbetu_Qst03.mp3","?Belbetu","tr","misc"
"Vo/tr/misc/TR_Belbetu_Qst08.mp3","?Belbetu","tr","misc"
"Vo/tr/misc/TR_Belbetu_Att09.mp3","?Belbetu","tr","misc"
"Vo/tr/misc/TR_Belbetu_Att05.mp3","?Belbetu","tr","misc"
"Vo/tr/misc/TR_Belbetu_Hlo07.mp3","?Belbetu","tr","misc"
"Vo/tr/misc/TR_Belbetu_Qst02.mp3","?Belbetu","tr","misc"
"Vo/tr/misc/TR_Belbetu_Int02.mp3","?Belbetu","tr","misc"
"Vo/tr/misc/TR_Belbetu_Hlo05.mp3","?Belbetu","tr","misc"
"Vo/tr/misc/TR_Belbetu_Att08.mp3","?Belbetu","tr","misc"
"Vo/tr/misc/TR_Belbetu_Qst06.mp3","?Belbetu","tr","misc"
"Vo/tr/misc/TR_Belbetu_Att04.mp3","?Belbetu","tr","misc"
"Vo/tr/misc/TR_Belbetu_Att10.mp3","?Belbetu","tr","misc"
"Vo/tr/misc/TR_Belbetu_Qst05.mp3","?Belbetu","tr","misc"
"Vo/tr/misc/TR_Belbetu_Ent05.mp3","?Belbetu","tr","misc"
"Vo/tr/misc/TR_Belbetu_Death.mp3","?Belbetu","tr","misc"
"Vo/tr/misc/TR_Belbetu_Hlo02.mp3","?Belbetu","tr","misc"
"Vo/ogr/Hit_Ogr_M1.mp3","?Ogr","Vo","ogr"
"Vo/ogr/Hlo_Ogr_F1.mp3","?Ogr","Vo","ogr"
"Vo/ogr/Hit_Ogr_F2.mp3","?Ogr","Vo","ogr"
"Vo/ogr/Idl_Ogr_F2.mp3","?Ogr","Vo","ogr"
"Vo/ogr/Idl_Ogr_F1.mp3","?Ogr","Vo","ogr"
"Vo/ogr/Fle_Ogr_F2.mp3","?Ogr","Vo","ogr"
"Vo/ogr/Atk_Ogr_F2.mp3","?Ogr","Vo","ogr"
"Vo/ogr/Atk_Ogr_M2.mp3","?Ogr","Vo","ogr"
"Vo/ogr/Fle_Ogr_F1.mp3","?Ogr","Vo","ogr"
"Vo/ogr/Idl_Ogr_M1.mp3","?Ogr","Vo","ogr"
"Vo/ogr/Hlo_Ogr_F2.mp3","?Ogr","Vo","ogr"
"Vo/ogr/Hlo_Ogr_M2.mp3","?Ogr","Vo","ogr"
"Vo/ogr/Fle_Ogr_M2.mp3","?Ogr","Vo","ogr"
"Vo/ogr/Atk_Ogr_M1.mp3","?Ogr","Vo","ogr"
"Vo/ogr/Fle_Ogr_M1.mp3","?Ogr","Vo","ogr"
"Vo/ogr/Atk_Ogr_F1.mp3","?Ogr","Vo","ogr"
"Vo/ogr/Hit_Ogr_F1.mp3","?Ogr","Vo","ogr"
"Vo/ogr/Idl_Ogr_M2.mp3","?Ogr","Vo","ogr"
"Vo/ogr/Hit_Ogr_M2.mp3","?Ogr","Vo","ogr"
"Vo/ogr/Hlo_Ogr_M1.mp3","?Ogr","Vo","ogr"
"TR/Vo/TR_ChiM_Hlo_009.mp3","?Hlo","TR","Vo"
"TR/Vo/TR_ChiM_Hlo_008.mp3","?Hlo","TR","Vo"
"TR/Vo/TR_ChiF_Hlo_002.mp3","?Hlo","TR","Vo"
"TR/Vo/TR_ChiF_Hit_001.mp3","?Hit","TR","Vo"
"TR/Vo/TR_KepF_Hlo_010.mp3","?Hlo","TR","Vo"
"TR/Vo/TR_ChiF_Hlo_007.mp3","?Hlo","TR","Vo"
"TR/Vo/TR_ChiF_Att_004.mp3","?Att","TR","Vo"
"TR/Vo/TR_KepF_Hlo_009.mp3","?Hlo","TR","Vo"
"TR/Vo/TR_KepM_Hlo_001.mp3","?Hlo","TR","Vo"
"TR/Vo/TR_KepF_Hit_001.mp3","?Hit","TR","Vo"
"TR/Vo/TR_ChiM_Hlo_013.mp3","?Hlo","TR","Vo"
"TR/Vo/TR_ChiM_Hlo_005.mp3","?Hlo","TR","Vo"
"TR/Vo/TR_KepM_Hlo_003.mp3","?Hlo","TR","Vo"
"TR/Vo/TR_ChiM_Hlo_006.mp3","?Hlo","TR","Vo"
"TR/Vo/TR_KepM_Hlo_005.mp3","?Hlo","TR","Vo"
"TR/Vo/TR_ChiF_Hlo_014.mp3","?Hlo","TR","Vo"
"TR/Vo/TR_KepM_Hlo_013.mp3","?Hlo","TR","Vo"
"TR/Vo/TR_KepM_Hit_003.mp3","?Hit","TR","Vo"
"TR/Vo/TR_KepF_Hlo_002.mp3","?Hlo","TR","Vo"
"TR/Vo/TR_ChiM_Hlo_011.mp3","?Hlo","TR","Vo"
"TR/Vo/TR_ChiF_Hlo_005.mp3","?Hlo","TR","Vo"
"TR/Vo/TR_KepF_Att_003.mp3","?Att","TR","Vo"
"TR/Vo/TR_KepM_Hlo_007.mp3","?Hlo","TR","Vo"
"TR/Vo/TR_ChiF_Hit_002.mp3","?Hit","TR","Vo"
"TR/Vo/TR_ChiM_Hlo_002.mp3","?Hlo","TR","Vo"
"TR/Vo/TR_ChiF_Hlo_020.mp3","?Hlo","TR","Vo"
"TR/Vo/TR_KepM_Hlo_006.mp3","?Hlo","TR","Vo"
"TR/Vo/TR_ChiM_Hlo_020.mp3","?Hlo","TR","Vo"
"TR/Vo/TR_KepF_Hlo_004.mp3","?Hlo","TR","Vo"
"TR/Vo/TR_ChiF_Hlo_016.mp3","?Hlo","TR","Vo"
"TR/Vo/TR_ChiM_Hlo_007.mp3","?Hlo","TR","Vo"
"TR/Vo/TR_ChiM_Hit_004.mp3","?Hit","TR","Vo"
"TR/Vo/TR_KepF_Att_002.mp3","?Att","TR","Vo"
"TR/Vo/TR_ChiM_Hlo_015.mp3","?Hlo","TR","Vo"
"TR/Vo/TR_KepF_Hlo_005.mp3","?Hlo","TR","Vo"
"TR/Vo/TR_ChiF_Hlo_003.mp3","?Hlo","TR","Vo"
"TR/Vo/TR_ChiM_Hlo_012.mp3","?Hlo","TR","Vo"
"TR/Vo/TR_KepM_Att_003.mp3","?Att","TR","Vo"
"TR/Vo/TR_ChiM_Hlo_004.mp3","?Hlo","TR","Vo"
"TR/Vo/Misc/TR_DA_Namira_4.mp3","?Namira","Vo","Misc"
"TR/Vo/Misc/TR_DA_Sanguine_1.mp3","?Sanguine","Vo","Misc"
"TR/Vo/Misc/TR_DA_Meridia_1.mp3","?Meridia","Vo","Misc"
"TR/Vo/Misc/TR_DA_Meridia_2.mp3","?Meridia","Vo","Misc"
"TR/Vo/Misc/TR_DA_Sanguine_4.mp3","?Sanguine","Vo","Misc"
"TR/Vo/Misc/TR_DA_Namira_3.mp3","?Namira","Vo","Misc"
"TR/Vo/Misc/TR_DA_Namira_1.mp3","?Namira","Vo","Misc"
"TR/Vo/Misc/TR_Veloth_Hlo_03.mp3","?Hlo","Vo","Misc"
"TR/Vo/Misc/TR_Veloth_Hlo_02.mp3","?Hlo","Vo","Misc"
"TR/Vo/Misc/TR_DA_Sanguine_3.mp3","?Sanguine","Vo","Misc"
"TR/Vo/Misc/TR_DA_Namira_5.mp3","?Namira","Vo","Misc"
"TR/Vo/Misc/TR_Veloth_Hlo_04.mp3","?Hlo","Vo","Misc"
"TR/Vo/Misc/TR_DA_Namira_2.mp3","?Namira","Vo","Misc"
"TR/Vo/Misc/TR_DA_Sanguine_2.mp3","?Sanguine","Vo","Misc"
"TR/Vo/Misc/TR_Veloth_Hlo_01.mp3","?Hlo","Vo","Misc"
"TR/Vo/TR_KepF_Hlo_013.mp3","?Hlo","TR","Vo"
"TR/Vo/TR_ChiF_Hlo_019.mp3","?Hlo","TR","Vo"
"TR/Vo/TR_ChiM_Hlo_003.mp3","?Hlo","TR","Vo"
"TR/Vo/TR_ChiF_Hit_004.mp3","?Hit","TR","Vo"
"TR/Vo/TR_KepM_Att_001.mp3","?Att","TR","Vo"
"TR/Vo/TR_KepM_Hlo_017.mp3","?Hlo","TR","Vo"
"TR/Vo/TR_ChiF_Hlo_001.mp3","?Hlo","TR","Vo"
"TR/Vo/TR_ChiM_Att_002.mp3","?Att","TR","Vo"
"TR/Vo/TR_ChiF_Hlo_013.mp3","?Hlo","TR","Vo"
"TR/Vo/TR_KepF_Hit_002.mp3","?Hit","TR","Vo"
"TR/Vo/TR_ChiM_Hlo_014.mp3","?Hlo","TR","Vo"
"TR/Vo/TR_KepM_Hlo_019.mp3","?Hlo","TR","Vo"
"TR/Vo/TR_ChiM_Hlo_001.mp3","?Hlo","TR","Vo"
"TR/Vo/TR_ChiF_Hlo_006.mp3","?Hlo","TR","Vo"
"TR/Vo/TR_KepF_Hit_003.mp3","?Hit","TR","Vo"
"TR/Vo/TR_ChiF_Hlo_008.mp3","?Hlo","TR","Vo"
"TR/Vo/TR_KepM_Att_002.mp3","?Att","TR","Vo"
"TR/Vo/TR_KepF_Hlo_020.mp3","?Hlo","TR","Vo"
"TR/Vo/TR_ChiM_Att_001.mp3","?Att","TR","Vo"
"TR/Vo/TR_ChiF_Hlo_015.mp3","?Hlo","TR","Vo"
"TR/Vo/TR_ChiF_Att_003.mp3","?Att","TR","Vo"
"TR/Vo/TR_KepM_Hlo_002.mp3","?Hlo","TR","Vo"
"TR/Vo/TR_ChiM_Hlo_019.mp3","?Hlo","TR","Vo"
"TR/Vo/TR_KepF_Att_001.mp3","?Att","TR","Vo"
"TR/Vo/TR_KepM_Hlo_020.mp3","?Hlo","TR","Vo"
"TR/Vo/TR_KepF_Hlo_003.mp3","?Hlo","TR","Vo"
"TR/Vo/TR_KepM_Att_004.mp3","?Att","TR","Vo"
"TR/Vo/TR_ChiF_Hlo_010.mp3","?Hlo","TR","Vo"
"TR/Vo/TR_KepF_Hlo_007.mp3","?Hlo","TR","Vo"
"TR/Vo/TR_KepM_Hit_002.mp3","?Hit","TR","Vo"
"TR/Vo/TR_ChiM_Hlo_010.mp3","?Hlo","TR","Vo"
"TR/Vo/TR_ChiM_Hlo_017.mp3","?Hlo","TR","Vo"
"TR/Vo/TR_KepF_Hlo_014.mp3","?Hlo","TR","Vo"
"TR/Vo/TR_KepF_Hlo_006.mp3","?Hlo","TR","Vo"
"TR/Vo/TR_KepF_Hlo_017.mp3","?Hlo","TR","Vo"
"TR/Vo/TR_ChiM_Att_004.mp3","?Att","TR","Vo"
"TR/Vo/TR_KepF_Hlo_018.mp3","?Hlo","TR","Vo"
"TR/Vo/TR_KepM_Hlo_011.mp3","?Hlo","TR","Vo"
"TR/Vo/TR_ChiM_Hlo_016.mp3","?Hlo","TR","Vo"
"TR/Vo/TR_ChiF_Hlo_009.mp3","?Hlo","TR","Vo"
"TR/Vo/TR_KepF_Att_004.mp3","?Att","TR","Vo"
"TR/Vo/TR_ChiF_Att_002.mp3","?Att","TR","Vo"
"TR/Vo/TR_ChiM_Att_003.mp3","?Att","TR","Vo"
"TR/Vo/TR_ChiF_Hit_003.mp3","?Hit","TR","Vo"
"TR/Vo/TR_ChiM_Hlo_018.mp3","?Hlo","TR","Vo"
"TR/Vo/TR_KepM_Hlo_010.mp3","?Hlo","TR","Vo"
"TR/Vo/TR_ChiF_Hlo_018.mp3","?Hlo","TR","Vo"
"TR/Vo/TR_ChiM_Hit_003.mp3","?Hit","TR","Vo"
"TR/Vo/TR_KepM_Hlo_012.mp3","?Hlo","TR","Vo"
"TR/Vo/TR_KepM_Hit_004.mp3","?Hit","TR","Vo"
"TR/Vo/TR_DeF_Cry.mp3","?DeF","TR","Vo"
"TR/Vo/TR_KepF_Hlo_011.mp3","?Hlo","TR","Vo"
"TR/Vo/TR_ChiF_Att_001.mp3","?Att","TR","Vo"
"TR/Vo/TR_KepF_Hlo_015.mp3","?Hlo","TR","Vo"
"TR/Vo/TR_KepM_Hlo_004.mp3","?Hlo","TR","Vo"
"TR/Vo/TR_KepM_Hlo_015.mp3","?Hlo","TR","Vo"
"TR/Vo/TR_KepM_Hlo_008.mp3","?Hlo","TR","Vo"
"TR/Vo/TR_ChiF_Hlo_012.mp3","?Hlo","TR","Vo"
"TR/Vo/TR_KepM_Hlo_016.mp3","?Hlo","TR","Vo"
"TR/Vo/TR_ChiM_Hit_001.mp3","?Hit","TR","Vo"
"TR/Vo/TR_ChiF_Hlo_017.mp3","?Hlo","TR","Vo"
"TR/Vo/TR_ChiF_Hlo_011.mp3","?Hlo","TR","Vo"
"TR/Vo/TR_KepF_Hit_004.mp3","?Hit","TR","Vo"
"TR/Vo/TR_KepF_Hlo_019.mp3","?Hlo","TR","Vo"
"TR/Vo/TR_KepM_Hlo_009.mp3","?Hlo","TR","Vo"
"TR/Vo/TR_ChiM_Hit_002.mp3","?Hit","TR","Vo"
"TR/Vo/TR_KepF_Hlo_012.mp3","?Hlo","TR","Vo"
"TR/Vo/TR_KepM_Hit_001.mp3","?Hit","TR","Vo"
"TR/Vo/TR_KepM_Hlo_018.mp3","?Hlo","TR","Vo"
"TR/Vo/TR_ChiF_Hlo_004.mp3","?Hlo","TR","Vo"
"TR/Vo/TR_KepM_Hlo_014.mp3","?Hlo","TR","Vo"
"TR/Vo/TR_KepF_Hlo_001.mp3","?Hlo","TR","Vo"
"TR/Vo/TR_KepF_Hlo_016.mp3","?Hlo","TR","Vo"
"TR/Vo/TR_KepF_Hlo_008.mp3","?Hlo","TR","Vo"
"td/vo/i/f/hlo_if115.mp3","?hlo","i","f"
"td/vo/i/m/hlo_im132.mp3","?hlo","i","m"
"td/vo/r/m/hlo_rm049.mp3","?hlo","r","m"
"td/vo/a/f/hlo_af054.mp3","?hlo","a","f"
"td/vo/a/f/hlo_af088.mp3","?hlo","a","f"
"td/vo/a/f/hlo_af116.mp3","?hlo","a","f"
"td/vo/a/f/hlo_af112_01.mp3","?af112","a","f"
"td/vo/a/f/hlo_af030.mp3","?hlo","a","f"
"td/vo/a/f/hlo_af112_02.mp3","?af112","a","f"
"td/vo/a/f/hlo_af112_03.mp3","?af112","a","f"
"td/vo/h/f/hlo_hf021.mp3","?hlo","h","f"
"td/vo/h/f/hlo_hf090.mp3","?hlo","h","f"
"td/vo/h/m/srv_hm006.mp3","?srv","h","m"
"td/vo/n/m/hlo_nm091.mp3","?hlo","n","m"
"td/vo/b/f/hlo_bf082.mp3","?hlo","b","f"
"td/vo/b/m/srv_bm014.mp3","?srv","b","m"
